skuname_ean,Brand,Sub-brand,Branded vs PL,serving_style,Indulgent brands vs Others,Topping Grouping,Deluxe/Supreme vs Others,Meat Combo/ Supreme/ Deluxe vs Others,Topping_Grouped,Veg vs Non-Veg,Sauce,Gluten Free,Updated Price Tier_PL,Crust Type - Higher level ,Pack Size - Panel,Pack Size Grouped,Cooking Style,Thickness of Crust,Healthy vs Regular Crust,Pack Count,Pack Type_Panel,Vegan(Nestle),Natural.Claim(Nestle),Non.Gmo(Nestle),Organic.Claim(Nestle),Plant.Based.Protein(Nestle),Preservative.Claim(Nestle),BFY Rolled up,Indulgent vs Non- Indulgent
0007218063473,Red Baron,Red Baron,Branded,Multi-Serve,Non- Indulgent,Pepperoni,Others,Others,Pepperoni,Non-Veg,Red Sauce,No Gluten Claim Present,Value,Regular Crust,20.6 Oz,Medium (20-30 Oz),Conv Oven,Thick/Original,Regular Crust,1 Ct,Box,No Vegan Claim Present,No Natural Claim Present,No Gmo Claim Present,No Organic Claim Present,No Plant based claim,No Preservative-Free Claim Present,Non BFY,Non- Indulgent
0007218063429,Red Baron,Red Baron,Branded,Multi-Serve,Non- Indulgent,Cheese/Plain,Others,Others,Cheese/Plain,Vegetarian,Red Sauce,No Gluten Claim Present,Value,Regular Crust,21.06 Oz,Medium (20-30 Oz),Conv Oven,Thick/Original,Regular Crust,1 Ct,Box,No Vegan Claim Present,No Natural Claim Present,No Gmo Claim Present,No Organic Claim Present,No Plant based claim,No Preservative-Free Claim Present,Non BFY,Non- Indulgent
0007192182379,Digiorno,Digiorno,Branded,Multi-Serve,Non- Indulgent,Pepperoni,Others,Others,Pepperoni,Non-Veg,Red Sauce,No Gluten Claim Present,Mid Tier,Rising Crust,24.7 Oz,Medium (20-30 Oz),Conv Oven,Thick/Original,Regular Crust,1 Ct,Box,No Vegan Claim Present,No Natural Claim Present,No Gmo Claim Present,No Organic Claim Present,No Plant based claim,No Preservative-Free Claim Present,Non BFY,Non- Indulgent
0007218063471,Red Baron,Red Baron,Branded,Multi-Serve,Non- Indulgent,Deluxe/Supreme,Deluxe/Supreme,Deluxe/Supreme/Meat Combo,Meat Combos,Non-Veg,Red Sauce,No Gluten Claim Present,Value,Regular Crust,23.45 Oz,Medium (20-30 Oz),Conv Oven,Thick/Original,Regular Crust,1 Ct,Box,No Vegan Claim Present,No Natural Claim Present,No Gmo Claim Present,No Organic Claim Present,No Plant based claim,No Preservative-Free Claim Present,Non BFY,Non- Indulgent
0007218063811,Red Baron,Red Baron,Branded,Multi-Serve,Non- Indulgent,Pepperoni,Others,Others,Pepperoni,Non-Veg,Red Sauce,No Gluten Claim Present,Value,Wood Fired,17.89 Oz,Small (<=20 Oz),Conv Oven,Thick/Original,Regular Crust,1 Ct,Box,No Vegan Claim Present,No Natural Claim Present,No Gmo Claim Present,No Organic Claim Present,No Plant based claim,No Preservative-Free Claim Present,Non BFY,Non- Indulgent
0007218063810,Red Baron,Red Baron,Branded,Multi-Serve,Non- Indulgent,Cheese/Plain,Others,Others,Cheese/Plain,Vegetarian,Red Sauce,No Gluten Claim Present,Value,Wood Fired,17.82 Oz,Small (<=20 Oz),Conv Oven,Thick/Original,Regular Crust,1 Ct,Box,No Vegan Claim Present,No Natural Claim Present,No Gmo Claim Present,No Organic Claim Present,No Plant based claim,No Preservative-Free Claim Present,Non BFY,Non- Indulgent
0007218056624,Red Baron,Red Baron,Branded,Multi-Serve,Non- Indulgent,Meat Combos,Others,Deluxe/Supreme/Meat Combo,Meat Combos,Non-Veg,Red Sauce,No Gluten Claim Present,Value,Regular Crust,21.95 Oz,Medium (20-30 Oz),Conv Oven,Thick/Original,Regular Crust,1 Ct,Box,No Vegan Claim Present,No Natural Claim Present,No Gmo Claim Present,No Organic Claim Present,No Plant based claim,No Preservative-Free Claim Present,Non BFY,Non- Indulgent
0007192121457,Digiorno,Digiorno,Branded,Multi-Serve,Non- Indulgent,Cheese/Plain,Others,Others,Cheese/Plain,Vegetarian,Red Sauce,No Gluten Claim Present,Mid Tier,Rising Crust,24.6 Oz,Medium (20-30 Oz),Conv Oven,Thick/Original,Regular Crust,1 Ct,Box,No Vegan Claim Present,No Natural Claim Present,No Gmo Claim Present,No Organic Claim Present,No Plant based claim,No Preservative-Free Claim Present,Non BFY,Non- Indulgent
0007192119331,Digiorno,Digiorno,Branded,Multi-Serve,Non- Indulgent,Deluxe/Supreme,Deluxe/Supreme,Deluxe/Supreme/Meat Combo,Meat Combos,Non-Veg,Red Sauce,No Gluten Claim Present,Mid Tier,Rising Crust,29.3 Oz,Medium (20-30 Oz),Conv Oven,Thick/Original,Regular Crust,1 Ct,Box,No Vegan Claim Present,No Natural Claim Present,No Gmo Claim Present,No Organic Claim Present,No Plant based claim,No Preservative-Free Claim Present,Non BFY,Non- Indulgent
0007218073366,Red Baron,Red Baron,Branded,Single Serve,Non- Indulgent,Pepperoni,Others,Others,Pepperoni,Non-Veg,Red Sauce,No Gluten Claim Present,Mid Tier,Pan/Deep Dish Crust,11.2 Oz,Medium (10-18 Oz),Conv Oven,Thick/Original,Regular Crust,2 Ct,Bag In Box,No Vegan Claim Present,No Natural Claim Present,No Gmo Claim Present,No Organic Claim Present,No Plant based claim,No Preservative-Free Claim Present,Non BFY,Non- Indulgent
0007192123298,Digiorno,Digiorno,Branded,Multi-Serve,Non- Indulgent,Meat Combos,Others,Deluxe/Supreme/Meat Combo,Meat Combos,Non-Veg,Red Sauce,No Gluten Claim Present,Mid Tier,Rising Crust,27.1 Oz,Medium (20-30 Oz),Conv Oven,Thick/Original,Regular Crust,1 Ct,Box,No Vegan Claim Present,No Natural Claim Present,No Gmo Claim Present,No Organic Claim Present,No Plant based claim,No Preservative-Free Claim Present,Non BFY,Non- Indulgent
0004280011400,Totino'S,Totino'S Party Pizza,Branded,Single Serve,Non- Indulgent,Pepperoni,Others,Others,Pepperoni,Non-Veg,Red Sauce,No Gluten Claim Present,Value,Regular Crust,10.2 Oz,Medium (10-18 Oz),Conv Oven,Thick/Original,Regular Crust,1 Ct,Bag,No Vegan Claim Present,No Natural Claim Present,No Gmo Claim Present,No Organic Claim Present,No Plant based claim,No Preservative-Free Claim Present,Non BFY,Non- Indulgent
0004280011600,Totino'S,Totino'S Party Pizza,Branded,Single Serve,Non- Indulgent,Meat Combos,Others,Deluxe/Supreme/Meat Combo,Meat Combos,Non-Veg,Red Sauce,No Gluten Claim Present,Value,Regular Crust,10.7 Oz,Medium (10-18 Oz),Conv Oven,Thick/Original,Regular Crust,1 Ct,Bag,No Vegan Claim Present,No Natural Claim Present,No Gmo Claim Present,No Organic Claim Present,No Plant based claim,No Preservative-Free Claim Present,Non BFY,Non- Indulgent
0007218073429,Sabatasso'S,Sabatassos,Branded,Single Serve,Non- Indulgent,Pepperoni,Others,Others,Pepperoni,Non-Veg,Red Sauce,No Gluten Claim Present,Mid Tier,Regular Crust,43.98 Oz,Large (>18 Oz),Mw Or Conv Oven,Thick/Original,Regular Crust,12 Ct,Box,No Vegan Claim Present,No Natural Claim Present,No Gmo Claim Present,No Organic Claim Present,No Plant based claim,No Preservative-Free Claim Present,Non BFY,Non- Indulgent
0007465379187,Jacks,Jacks,Branded,Multi-Serve,Non- Indulgent,Pepperoni,Others,Others,Pepperoni,Non-Veg,Red Sauce,No Gluten Claim Present,Value,Regular Crust,14.3 Oz,Small (<=20 Oz),Conv Oven,Thick/Original,Regular Crust,1 Ct,Over Wrap,No Vegan Claim Present,No Natural Claim Present,No Gmo Claim Present,No Organic Claim Present,No Plant based claim,No Preservative-Free Claim Present,Non BFY,Non- Indulgent
0007218063469,Red Baron,Red Baron,Branded,Multi-Serve,Non- Indulgent,Deluxe/Supreme,Deluxe/Supreme,Deluxe/Supreme/Meat Combo,Meat Combos,Non-Veg,Red Sauce,No Gluten Claim Present,Value,Regular Crust,22.95 Oz,Medium (20-30 Oz),Conv Oven,Thick/Original,Regular Crust,1 Ct,Box,No Vegan Claim Present,No Natural Claim Present,No Gmo Claim Present,No Organic Claim Present,No Plant based claim,No Preservative-Free Claim Present,Non BFY,Non- Indulgent
0007218056638,Red Baron,Red Baron,Branded,Single Serve,Non- Indulgent,Cheese/Plain,Others,Others,Cheese/Plain,Vegetarian,Red Sauce,No Gluten Claim Present,Mid Tier,Pan/Deep Dish Crust,11.2 Oz,Medium (10-18 Oz),Mw Or Conv Oven,Thick/Original,Regular Crust,2 Ct,Bag In Box,No Vegan Claim Present,No Natural Claim Present,No Gmo Claim Present,No Organic Claim Present,No Plant based claim,No Preservative-Free Claim Present,Non BFY,Non- Indulgent
0007218056611,Red Baron,Red Baron,Branded,Multi-Serve,Non- Indulgent,Deluxe/Supreme,Deluxe/Supreme,Deluxe/Supreme/Meat Combo,Meat Combos,Non-Veg,Red Sauce,No Gluten Claim Present,Value,Wood Fired,18.64 Oz,Small (<=20 Oz),Conv Oven,Thick/Original,Regular Crust,1 Ct,Box,No Vegan Claim Present,No Natural Claim Present,No Gmo Claim Present,No Organic Claim Present,No Plant based claim,No Preservative-Free Claim Present,Non BFY,Non- Indulgent
0007192192580,Digiorno,Digiorno,Branded,Multi-Serve,Non- Indulgent,Pepperoni,Others,Others,Pepperoni,Non-Veg,Red Sauce,No Gluten Claim Present,Mid Tier,Stuffed Crust,22.2 Oz,Medium (20-30 Oz),Conv Oven,Thick/Original,Regular Crust,1 Ct,Box,No Vegan Claim Present,No Natural Claim Present,No Gmo Claim Present,No Organic Claim Present,No Plant based claim,No Preservative-Free Claim Present,Non BFY,Indulgent
0007218073367,Red Baron,Red Baron,Branded,Single Serve,Non- Indulgent,Deluxe/Supreme,Deluxe/Supreme,Deluxe/Supreme/Meat Combo,Meat Combos,Non-Veg,Red Sauce,No Gluten Claim Present,Mid Tier,Pan/Deep Dish Crust,11.5 Oz,Medium (10-18 Oz),Conv Oven,Thick/Original,Regular Crust,2 Ct,Bag In Box,No Vegan Claim Present,No Natural Claim Present,No Gmo Claim Present,No Organic Claim Present,No Plant based claim,No Preservative-Free Claim Present,Non BFY,Non- Indulgent
0007218063244,Red Baron,Red Baron,Branded,Single Serve,Non- Indulgent,Pepperoni,Others,Others,Pepperoni,Non-Veg,Red Sauce,No Gluten Claim Present,Mid Tier,Ao Crust,10.8 Oz,Medium (10-18 Oz),Mw Or Conv Oven,Thick/Original,Regular Crust,2 Ct,Bag In Box,No Vegan Claim Present,No Natural Claim Present,No Gmo Claim Present,No Organic Claim Present,No Plant based claim,No Preservative-Free Claim Present,Non BFY,Non- Indulgent
0004280011520,Totino'S,Totino'S Party Pizza,Branded,Single Serve,Non- Indulgent,Cheese/Plain,Others,Others,Cheese/Plain,Vegetarian,Red Sauce,No Gluten Claim Present,Value,Regular Crust,9.8 Oz,Small (<=10 Oz),Mw Or Conv Oven,Thick/Original,Regular Crust,1 Ct,Bag,No Vegan Claim Present,No Natural Claim Present,No Gmo Claim Present,No Organic Claim Present,No Plant based claim,No Preservative-Free Claim Present,Non BFY,Non- Indulgent
0007218063813,Red Baron,Red Baron,Branded,Multi-Serve,Non- Indulgent,Meat Combos,Others,Deluxe/Supreme/Meat Combo,Meat Combos,Non-Veg,Red Sauce,No Gluten Claim Present,Value,Wood Fired,18.22 Oz,Small (<=20 Oz),Conv Oven,Thick/Original,Regular Crust,1 Ct,Box,No Vegan Claim Present,No Natural Claim Present,No Gmo Claim Present,No Organic Claim Present,No Plant based claim,No Preservative-Free Claim Present,Non BFY,Non- Indulgent
0007218063979,Freschetta,Freschetta,Branded,Multi-Serve,Non- Indulgent,Pepperoni,Others,Others,Pepperoni,Non-Veg,Red Sauce,No Gluten Claim Present,Mid Tier,Rising Crust,27.35 Oz,Medium (20-30 Oz),Conv Oven,Thick/Original,Regular Crust,1 Ct,Box,No Vegan Claim Present,No Natural Claim Present,No Gmo Claim Present,No Organic Claim Present,No Plant based claim,No Preservative-Free Claim Present,Non BFY,Non- Indulgent
0007192179354,Digiorno,Digiorno,Branded,Multi-Serve,Non- Indulgent,Pepperoni,Others,Others,Pepperoni,Non-Veg,Red Sauce,No Gluten Claim Present,Mid Tier,Regular Crust,16.9 Oz,Small (<=20 Oz),Conv Oven,Thick/Original,Regular Crust,1 Ct,Box,No Vegan Claim Present,No Natural Claim Present,No Gmo Claim Present,No Organic Claim Present,No Plant based claim,No Preservative-Free Claim Present,Non BFY,Non- Indulgent
0007570615101,Screamin Sicilian,Screamin Sicilian Pizza Co,Branded,Multi-Serve,Indulgent,Pepperoni,Others,Others,Pepperoni,Non-Veg,Red Sauce,No Gluten Claim Present,Mid Tier,Regular Crust,22.3 Oz,Medium (20-30 Oz),Conv Oven,Thick/Original,Regular Crust,1 Ct,Box,No Vegan Claim Present,No Natural Claim Present,No Gmo Claim Present,No Organic Claim Present,No Plant based claim,No Preservative-Free Claim Present,Non BFY,Indulgent
0004280010800,Totino'S,Totino'S Party Pizza,Branded,Single Serve,Non- Indulgent,Meat Combos,Others,Deluxe/Supreme/Meat Combo,Meat Combos,Non-Veg,Red Sauce,No Gluten Claim Present,Value,Regular Crust,10.5 Oz,Medium (10-18 Oz),Conv Oven,Thick/Original,Regular Crust,1 Ct,Bag,No Vegan Claim Present,No Natural Claim Present,No Gmo Claim Present,No Organic Claim Present,No Plant based claim,No Preservative-Free Claim Present,Non BFY,Non- Indulgent
0004280043589,Totino'S,Totino'S Party Pizza,Branded,Single Serve,Non- Indulgent,Pepperoni,Others,Others,Pepperoni,Non-Veg,Red Sauce,No Gluten Claim Present,Value,Regular Crust,40.8 Oz,Large (>18 Oz),Conv Oven,Thick/Original,Regular Crust,4 Ct,Bag In Box,No Vegan Claim Present,No Natural Claim Present,No Gmo Claim Present,No Organic Claim Present,No Plant based claim,No Preservative-Free Claim Present,Non BFY,Non- Indulgent
0007192174374,Digiorno,Digiorno,Branded,Multi-Serve,Non- Indulgent,Meat Combos,Others,Deluxe/Supreme/Meat Combo,Meat Combos,Non-Veg,Red Sauce,No Gluten Claim Present,Mid Tier,Stuffed Crust,24.5 Oz,Medium (20-30 Oz),Conv Oven,Thick/Original,Regular Crust,1 Ct,Box,No Vegan Claim Present,No Natural Claim Present,No Gmo Claim Present,No Organic Claim Present,No Plant based claim,No Preservative-Free Claim Present,Non BFY,Indulgent
0007218063322,Red Baron,Red Baron,Branded,Multi-Serve,Non- Indulgent,Pepperoni,Others,Others,Pepperoni,Non-Veg,Red Sauce,No Gluten Claim Present,Value,Thin,15.77 Oz,Small (<=20 Oz),Conv Oven,Thin,Regular Crust,1 Ct,Box,No Vegan Claim Present,No Natural Claim Present,No Gmo Claim Present,No Organic Claim Present,No Plant based claim,No Preservative-Free Claim Present,Non BFY,Non- Indulgent
0007465339393,Jacks,Jacks,Branded,Multi-Serve,Non- Indulgent,Meat Combos,Others,Deluxe/Supreme/Meat Combo,Meat Combos,Non-Veg,Red Sauce,No Gluten Claim Present,Value,Regular Crust,15 Oz,Small (<=20 Oz),Conv Oven,Thick/Original,Regular Crust,1 Ct,Over Wrap,No Vegan Claim Present,No Natural Claim Present,No Gmo Claim Present,No Organic Claim Present,No Plant based claim,No Preservative-Free Claim Present,Non BFY,Non- Indulgent
0087037500507,Motor City Pizza Co.,MOTOR CITY PIZZA CO,Branded,Multi-Serve,Indulgent,Pepperoni,Others,Others,Pepperoni,Non-Veg,Red Sauce,No Gluten Claim Present,Mid Tier,Pan/Deep Dish Crust,57.05 Oz,Large (>= 30 Oz),Conv Oven,Thick/Original,Regular Crust,2 Ct,Bag In Box,No Vegan Claim Present,No Natural Claim Present,No Gmo Claim Present,No Organic Claim Present,No Plant based claim,No Preservative-Free Claim Present,Non BFY,Indulgent
0007218063975,Freschetta,Freschetta,Branded,Multi-Serve,Non- Indulgent,Deluxe/Supreme,Deluxe/Supreme,Deluxe/Supreme/Meat Combo,Meat Combos,Non-Veg,Red Sauce,No Gluten Claim Present,Mid Tier,Rising Crust,30.88 Oz,Large (>= 30 Oz),Conv Oven,Thick/Original,Regular Crust,1 Ct,Box,No Vegan Claim Present,No Natural Claim Present,No Gmo Claim Present,No Organic Claim Present,No Plant based claim,No Preservative-Free Claim Present,Non BFY,Non- Indulgent
0007192120374,Digiorno,Digiorno,Branded,Multi-Serve,Non- Indulgent,Pepperoni,Others,Others,Pepperoni,Non-Veg,Red Sauce,No Gluten Claim Present,Mid Tier,Hand Tossed/Pizzeria Style,17.3 Oz,Small (<=20 Oz),Conv Oven,Thick/Original,Regular Crust,1 Ct,Box,No Vegan Claim Present,No Natural Claim Present,No Gmo Claim Present,No Organic Claim Present,No Plant based claim,No Preservative-Free Claim Present,Non BFY,Non- Indulgent
0007218063717,Tony'S,Tony'S,Branded,Multi-Serve,Non- Indulgent,Pepperoni,Others,Others,Pepperoni,Non-Veg,Red Sauce,No Gluten Claim Present,Value,Hand Tossed/Pizzeria Style,18.56 Oz,Small (<=20 Oz),Conv Oven,Thick/Original,NA,1 Ct,Box,No Vegan Claim Present,No Natural Claim Present,No Gmo Claim Present,No Organic Claim Present,No Plant based claim,No Preservative-Free Claim Present,Non BFY,Non- Indulgent
0007192101669,Digiorno,Digiorno,Branded,Single Serve,Non- Indulgent,Pepperoni,Others,Others,Pepperoni,Non-Veg,Red Sauce,No Gluten Claim Present,Premium,Stuffed Crust,8.5 Oz,Small (<=10 Oz),Mw Or Conv Oven,Thick/Original,Regular Crust,1 Ct,Box,No Vegan Claim Present,No Natural Claim Present,No Gmo Claim Present,No Organic Claim Present,No Plant based claim,No Preservative-Free Claim Present,Non BFY,Non- Indulgent
0007218063983,Freschetta,Freschetta,Branded,Multi-Serve,Non- Indulgent,Cheese/Plain,Others,Others,Cheese/Plain,Vegetarian,Red Sauce,No Gluten Claim Present,Mid Tier,Rising Crust,26.11 Oz,Medium (20-30 Oz),Conv Oven,Thick/Original,Regular Crust,1 Ct,Box,No Vegan Claim Present,No Natural Claim Present,No Gmo Claim Present,No Organic Claim Present,No Plant based claim,No Preservative-Free Claim Present,Non BFY,Non- Indulgent
0004280048591,Totino'S,Totino'S Party Pizza,Branded,Single Serve,Non- Indulgent,Meat Combos,Others,Deluxe/Supreme/Meat Combo,Meat Combos,Non-Veg,Red Sauce,No Gluten Claim Present,Value,Regular Crust,42.8 Oz,Large (>18 Oz),Conv Oven,Thick/Original,Regular Crust,4 Ct,Bag In Box,No Vegan Claim Present,No Natural Claim Present,No Gmo Claim Present,No Organic Claim Present,No Plant based claim,No Preservative-Free Claim Present,Non BFY,Non- Indulgent
0007192134403,Digiorno,Digiorno,Branded,Multi-Serve,Non- Indulgent,Deluxe/Supreme,Deluxe/Supreme,Deluxe/Supreme/Meat Combo,Meat Combos,Non-Veg,Red Sauce,No Gluten Claim Present,Mid Tier,Regular Crust,19.1 Oz,Small (<=20 Oz),Conv Oven,Thick/Original,Regular Crust,1 Ct,Box,No Vegan Claim Present,No Natural Claim Present,No Gmo Claim Present,No Organic Claim Present,No Plant based claim,No Preservative-Free Claim Present,Non BFY,Non- Indulgent
0007570615103,Screamin Sicilian,Screamin Sicilian Pizza Co,Branded,Multi-Serve,Indulgent,Deluxe/Supreme,Deluxe/Supreme,Deluxe/Supreme/Meat Combo,Meat Combos,Non-Veg,Red Sauce,No Gluten Claim Present,Mid Tier,Regular Crust,25 Oz,Medium (20-30 Oz),Conv Oven,Thick/Original,Regular Crust,1 Ct,Box,No Vegan Claim Present,No Natural Claim Present,No Gmo Claim Present,No Organic Claim Present,No Plant based claim,No Preservative-Free Claim Present,Non BFY,Indulgent
0007192197185,Tombstone,Tombstone,Branded,Multi-Serve,Non- Indulgent,Pepperoni,Others,Others,Pepperoni,Non-Veg,Red Sauce,No Gluten Claim Present,Value,Regular Crust,19.3 Oz,Small (<=20 Oz),Conv Oven,Thick/Original,Regular Crust,1 Ct,Over Wrap,No Vegan Claim Present,No Natural Claim Present,No Gmo Claim Present,No Organic Claim Present,No Plant based claim,No Preservative-Free Claim Present,Non BFY,Non- Indulgent
0004280010700,Totino'S,Totino'S Party Pizza,Branded,Single Serve,Non- Indulgent,Deluxe/Supreme,Deluxe/Supreme,Deluxe/Supreme/Meat Combo,Meat Combos,Non-Veg,Red Sauce,No Gluten Claim Present,Value,Regular Crust,10.9 Oz,Medium (10-18 Oz),Conv Oven,Thick/Original,Regular Crust,1 Ct,Bag,No Vegan Claim Present,No Natural Claim Present,No Gmo Claim Present,No Organic Claim Present,No Plant based claim,No Preservative-Free Claim Present,Non BFY,Non- Indulgent
0007465330890,Jacks,Jacks,Branded,Multi-Serve,Non- Indulgent,Cheese/Plain,Others,Others,Cheese/Plain,Vegetarian,Red Sauce,No Gluten Claim Present,Value,Regular Crust,13.8 Oz,Small (<=20 Oz),Conv Oven,Thick/Original,Regular Crust,1 Ct,Over Wrap,No Vegan Claim Present,No Natural Claim Present,No Gmo Claim Present,No Organic Claim Present,No Plant based claim,No Preservative-Free Claim Present,Non BFY,Non- Indulgent
0007218056625,Red Baron,Red Baron,Branded,Multi-Serve,Non- Indulgent,Meat Combos,Others,Deluxe/Supreme/Meat Combo,Meat Combos,Non-Veg,Red Sauce,No Gluten Claim Present,Value,Regular Crust,21.95 Oz,Medium (20-30 Oz),Conv Oven,Thick/Original,Regular Crust,1 Ct,Box,No Vegan Claim Present,No Natural Claim Present,No Gmo Claim Present,No Organic Claim Present,No Plant based claim,No Preservative-Free Claim Present,Non BFY,Non- Indulgent
0007192162491,California Pizza Kitchen,California Pizza Kitchen,Branded,Multi-Serve,Non- Indulgent,Chicken,Others,Others,Chicken,Non-Veg,Red Sauce,No Gluten Claim Present,Premium,Thin,14.7 Oz,Small (<=20 Oz),Conv Oven,Thin,Regular Crust,1 Ct,Box,No Vegan Claim Present,No Natural Claim Present,No Gmo Claim Present,No Organic Claim Present,No Plant based claim,No Preservative-Free Claim Present,Non BFY,Non- Indulgent
0007218063069,Freschetta,Freschetta,Branded,Multi-Serve,Non- Indulgent,Bacon,Others,Others,Bacon,Non-Veg,Red Sauce,No Gluten Claim Present,Mid Tier,Rising Crust,27.51 Oz,Medium (20-30 Oz),Conv Oven,Thick/Original,Regular Crust,1 Ct,Box,No Vegan Claim Present,No Natural Claim Present,No Gmo Claim Present,No Organic Claim Present,No Plant based claim,No Preservative-Free Claim Present,Non BFY,Non- Indulgent
0007570615108,Screamin Sicilian,Screamin Sicilian Pizza Co,Branded,Multi-Serve,Indulgent,Meat Combos,Others,Deluxe/Supreme/Meat Combo,Meat Combos,Non-Veg,Red Sauce,No Gluten Claim Present,Mid Tier,Regular Crust,23.4 Oz,Medium (20-30 Oz),Conv Oven,Thick/Original,Regular Crust,1 Ct,Box,No Vegan Claim Present,No Natural Claim Present,No Gmo Claim Present,No Organic Claim Present,No Plant based claim,No Preservative-Free Claim Present,Non BFY,Indulgent
0007218076174,Red Baron,Red Baron,Branded,Single Serve,Non- Indulgent,Pepperoni,Others,Others,Pepperoni,Non-Veg,Red Sauce,No Gluten Claim Present,Mid Tier,Pan/Deep Dish Crust,69.6 Oz,Large (>18 Oz),Conv Oven,Thick/Original,Regular Crust,12 Ct,Bag In Box,No Vegan Claim Present,No Natural Claim Present,No Gmo Claim Present,No Organic Claim Present,No Plant based claim,No Preservative-Free Claim Present,Non BFY,Non- Indulgent
0001380050223,Stouffer'S,Stouffer'S,Branded,Single Serve,Non- Indulgent,Pepperoni,Others,Others,Pepperoni,Non-Veg,Red Sauce,No Gluten Claim Present,Mid Tier,Ao Crust,11.25 Oz,Medium (10-18 Oz),Conv Oven,Thick/Original,Regular Crust,2 Ct,Bag In Box,No Vegan Claim Present,No Natural Claim Present,No Gmo Claim Present,No Organic Claim Present,No Plant based claim,No Preservative-Free Claim Present,Non BFY,Non- Indulgent
0065512220174,Miltons,MILTONS CRAFT BAKERS,Branded,Multi-Serve,Non- Indulgent,Vegetarian,Others,Others,Vegetarian,Vegetarian,Red Sauce,Gluten Free Claim,Premium,Veggie Crust,35.6 Oz,Large (>= 30 Oz),Conv Oven,Thin,Healthy,2 Ct,Bag In Box,No Vegan Claim Present,No Natural Claim Present,Non-Gmo Claim,No Organic Claim Present,No Plant based claim,No Preservative-Free Claim Present,BFY,Non- Indulgent
