category,total_base_buyers,raw_buyers,is_branded,is_client,skuname_ean,0007218063473,0007218063429,0007192182379,0007218063471,0007218063811,0007218063810,0007218056624,0007192121457,0007192119331,0007218073366,0007192123298,0004280011400,0004280011600,0007218073429,0007465379187,0007218063469,0007218056638,0007218056611,0007192192580,0007218073367,0007218063244,0004280011520,0007218063813,0007218063979,0007192179354,0007570615101,0004280010800,0004280043589,0007192174374,0007218063322,0007465339393,0087037500507,0007218063975,0007192120374,0007218063717,0007192101669,0007218063983,0004280048591,0007192134403,0007570615103,0007192197185,0004280010700,0007465330890,0007218056625,0007192162491,0007218063069,0007570615108,0007218076174,0001380050223,0065512220174
Frozen Pizza,120000000,2285,1,0,0007218063473,"53,20,845",1137557.307,899730.015,895750.1532,1419203.369,619282.3387,805858.2965,283343.3053,277848.1736,589023.0582,341588.264,545357.8902,279636.6754,83145.62866,371223.3113,433858.44,176890.3237,411986.8448,356642.7135,141028.3517,431366.9347,209722.9071,454936.098,420407.9644,411865.7739,295302.3379,111511.0153,245979.4816,150902.4291,677492.9703,159863.772,78877.83551,140697.4481,328636.6503,423361.2416,192013.0019,176256.3358,105780.78,152286.0101,111564.1068,303943.3167,120630.4449,113024.7949,435149.4405,119158.5378,139156.0944,108501.9944,147254.4002,152606.186,22309.18286
Frozen Pizza,120000000,1998,1,0,0007218063429,1137557.307,4530575.335,399856.5472,710100.6544,678593.8115,1324683.157,635390.8195,647131.4647,207701.8281,209358.8687,230213.4796,216218.1105,175957.8841,103966.5331,178972.1518,398843.3715,318502.201,318777.8105,208417.4375,94748.4184,168374.1746,319481.6087,302219.4111,243318.6785,232020.9555,166733.4774,120364.8559,54435.85431,136274.587,379733.5023,85515.64844,74553.33209,130052.7473,163806.15,170138.5488,79065.7854,378058.423,46632.91418,81291.11084,72249.8468,118190.9565,88330.53625,262175.292,263733.7369,118137.3561,146213.4229,80328.44189,120359.5626,62459.16302,27685.75671
Frozen Pizza,120000000,1971,1,1,0007192182379,899730.015,399856.5472,4373961.623,305721.397,782950.9182,327644.7659,293701.678,852215.2665,743379.4675,265706.1609,809910.8783,275929.2263,130211.4727,84137.32587,250102.0565,140634.7035,119237.7638,225096.5515,472937.1053,111086.1486,223770.4715,128857.6882,200554.6143,561738.3777,461649.4235,248965.4998,95420.11926,130632.2142,194141.1608,203542.0493,86152.00226,71846.98608,226003.5953,592400.045,188747.392,143178.9767,262124.9249,56025.97034,161890.6291,112022.8739,164389.9755,75387.55481,129173.7355,194741.6723,110857.6909,190689.1693,107648.3281,46852.85889,152900.4294,20641.39124
Frozen Pizza,120000000,2119,1,0,0007218063471,895750.1532,710100.6544,305721.397,4164005.286,569814.1716,423296.2785,805878.0428,145894.008,540261.0788,171790.9487,348797.2651,180038.6243,207157.8425,95038.12979,227403.8394,859718.0282,125268.3846,845405.8412,161580.447,240828.4645,147421.2886,137546.4166,375599.1861,186707.5994,144549.3857,121299.8363,141635.3392,77837.94476,161943.2765,282244.9969,143860.9102,64854.65558,385885.3115,102725.4977,211418.6338,51082.17084,125320.5491,75001.38409,329015.3334,179785.4419,126441.0988,195897.584,116653.3338,297422.2311,92096.70679,132601.4303,109054.4293,46622.6001,71411.00861,17594.34808
Frozen Pizza,120000000,1746,1,0,0007218063811,1419203.369,678593.8115,782950.9182,569814.1716,3999743.972,879930.7657,520941.2529,320880.832,172496.5077,355125.344,359520.6707,338862.6905,136656.3132,115955.5621,327202.5773,337543.943,190217.1301,440932.2361,251387.9478,100298.97,308216.9441,167956.2062,476748.5418,380430.6031,283287.9625,207672.2025,76718.55023,179137.3508,94293.43964,430005.4792,115077.8043,77012.84247,117480.6105,350127.3665,278458.8863,122421.1894,175870.6105,64375.06384,93557.17487,61210.91522,195474.9003,50524.88928,133997.871,305194.7419,136488.3629,139437.0566,90787.44208,88196.38928,155732.7608,18500.27863
Frozen Pizza,120000000,1509,1,0,0007218063810,619282.3387,1324683.157,327644.7659,423296.2785,879930.7657,3582483.207,423778.0929,692479.6359,141364.9218,169006.8343,181558.7147,162461.4576,106633.9228,81790.99414,161981.6105,270834.8053,301377.2736,389427.2626,139037.0576,102915.4247,128537.6586,237301.4675,377868.7424,214251.9973,126012.52,144121.2109,89582.40479,74370.44861,73155.22803,242308.3409,78734.91876,48568.42664,110756.1032,122516.5203,102264.3629,81314.99432,407397.455,39948.0769,56729.57098,75532.78735,87384.30219,82669.71649,200842.8256,175552.6526,141934.7363,134605.731,84133.06586,108894.9964,65795.54736,10442.4931
Frozen Pizza,120000000,1698,1,0,0007218056624,805858.2965,635390.8195,293701.678,805878.0428,520941.2529,423778.0929,3473116.751,133543.7233,258952.3312,143630.5344,467674.2906,204429.3918,260029.4006,59592.95453,185828.2255,477918.3993,79821.30096,388820.4171,166099.7027,106426.7369,110381.0639,127060.3579,669133.333,128983.569,150459.1724,87610.66058,187843.8305,78366.2417,212950.9297,290414.9653,175258.5795,36040.68469,174597.8205,118587.3424,141235.4088,48169.83771,89055.84253,125746.3104,162842.0308,98838.32013,136426.7451,109810.6619,95571.51038,505433.4124,88994.81427,120222.3484,215368.3561,49620.66431,75854.34015,16690.89545
Frozen Pizza,120000000,1437,1,1,0007192121457,283343.3053,647131.4647,852215.2665,145894.008,320880.832,692479.6359,133543.7233,3367460.289,437462.3759,73239.36426,451546.6031,160387.9702,73934.75537,99135.86115,105768.2145,120178.825,164785.8887,104470.1431,205323.5072,42700.43726,70161.0072,184160.9914,104950.1396,247914.4329,229021.1699,101543.4902,73980.19324,51505.81158,123379.1799,107784.2781,55834.50781,28095.20001,120428.8545,203931.5606,60015.93549,97265.44684,500338.2482,21437.41406,90462.45441,42952.52368,45843.53284,50809.27374,200378.4758,69163.83575,127603.0925,150025.7728,91094.57764,79652.67908,69185.50616,22317.36688
Frozen Pizza,120000000,1650,1,1,0007192119331,277848.1736,207701.8281,743379.4675,540261.0788,172496.5077,141364.9218,258952.3312,437462.3759,3320383.568,118349.8148,841783.6823,112311.4485,134908.6509,37696.71967,87174.90668,378962.9608,49954.11108,342308.9484,186353.1947,148926.9332,76860.68048,61994.62299,128639.1495,199568.8478,118369.8112,94316.5047,62606.88251,54118.69971,172052.0605,81998.49359,66466.30359,53414.06598,427620.5037,173091.3206,71857.60187,62770.51672,142591.7153,64401.60126,273019.4686,171459.8272,64138.34961,109129.933,32609.31573,129807.7295,87828.11615,200116.6908,82829.42096,10012.48108,41337.67999,15801.22113
Frozen Pizza,120000000,1455,1,0,0007218073366,589023.0582,209358.8687,265706.1609,171790.9487,355125.344,169006.8343,143630.5344,73239.36426,118349.8148,3257281.195,137497.3205,335770.7501,178926.9137,58959.64948,111483.0809,85936.45801,655599.6138,98356.34375,214709.3523,578884.0158,505746.5039,134919.6707,86971.15161,157353.3687,126574.382,89214.38226,80931.55774,158497.2585,81905.64362,160422.3667,57197.93231,36402.92816,48207.39221,100557.2009,146282.474,297683.8229,63656.62134,51989.44415,54353.74188,35659.25671,111317.636,62344.04126,49993.93494,67370.19,70562.06763,43133.43549,29099.25214,152341.8295,161971.747,8093.429993
Frozen Pizza,120000000,1577,1,1,0007192123298,341588.264,230213.4796,809910.8783,348797.2651,359520.6707,181558.7147,467674.2906,451546.6031,841783.6823,137497.3205,3235328.114,174001.3799,155379.4587,92602.94965,132006.8063,210523.33,70681.68091,198819.7507,189305.0192,67324.70233,95341.71936,89179.91168,280206.3886,253083.075,183038.0106,127638.7133,99432.71722,58870.00592,309200.4511,114966.7233,108293.2639,92296.87146,171683.8284,270080.7661,69457.90216,63568.23767,147400.4277,50312.12927,171671.8529,94572.6373,65577.00586,87430.36963,53449.32147,199116.8298,107027.2098,113967.6597,159257.5675,21219.00812,75770.99884,14199.38397
Frozen Pizza,120000000,1344,1,0,0004280011400,545357.8902,216218.1105,275929.2263,180038.6243,338862.6905,162461.4576,204429.3918,160387.9702,112311.4485,335770.7501,174001.3799,3168836.893,716942.592,40561.1839,257748.4645,91659.76392,121860.1691,94533.45007,239862.1454,90699.38934,216212.591,639617.1579,115444.1863,150716.4996,134296.9949,114221.4034,470227.2715,519863.2604,137062.2432,113213.6272,115269.1924,45588.69482,63602.16827,67213.07971,252003.0842,115706.8454,66568.46503,154648.5894,49574.15918,45226.95111,124277.566,339625.9348,112109.3,110956.8294,90413.81726,65278.20081,44981.82007,75174.50412,91734.0946,4127.241028
Frozen Pizza,120000000,1275,1,0,0004280011600,279636.6754,175957.8841,130211.4727,207157.8425,136656.3132,106633.9228,260029.4006,73934.75537,134908.6509,178926.9137,155379.4587,716942.592,2738691.67,76598.89502,103436.0202,106193.4202,72279.52954,96938.7052,90487.08044,105459.1981,90102.16888,425272.2242,143038.6432,57090.52472,69753.45941,53719.62189,744253.5974,161251.2736,113238.362,57642.85596,113038.6837,53873.93719,59827.36755,63575.72968,102060.9846,73945.56372,43457.19104,345342.403,52132.23676,39494.18884,79341.5072,543636.2886,80747.48865,162953.3205,36741.54962,73730.84796,61074.75598,57560.1087,72906.70392,9062.776001
Frozen Pizza,120000000,1030,1,0,0007218073429,83145.62866,103966.5331,84137.32587,95038.12979,115955.5621,81790.99414,59592.95453,99135.86115,37696.71967,58959.64948,92602.94965,40561.1839,76598.89502,2699659.016,58753.54608,70421.7453,36069.81415,32590.43787,33453.78168,37478.36719,32466.90009,49495.34766,62277.33246,61883.74854,76913.15125,54062.61816,43870.40881,27164.62457,22502.23291,25320.56506,44609.13275,372693.3871,33766.08276,48588.86353,20273.50183,17913.99677,62661.05109,28911.92419,23201.31689,32651.65808,37866.26563,28545.26373,54902.1532,20297.94403,23816.60681,40098.05505,15269.94312,130525.9543,29342.39783,198618.5877
Frozen Pizza,120000000,1147,1,1,0007465379187,371223.3113,178972.1518,250102.0565,227403.8394,327202.5773,161981.6105,185828.2255,105768.2145,87174.90668,111483.0809,132006.8063,257748.4645,103436.0202,58753.54608,2574436.582,53398.02094,87498.47058,105444.7143,148816.0673,50557.73553,148570.7502,128931.3613,89616.2771,90053.4621,120391.3788,87445.37341,95119.28717,119108.3215,121252.5502,133316.7105,639455.5425,23494.89709,49596.54694,55920.98291,214803.4131,53693.04382,25200.0769,75587.95068,66879.06592,33331.68304,321387.6486,68314.59381,588624.873,86447.3479,47624.5874,39076.3678,36350.91003,34019.5639,50947.01483,26460.31604
Frozen Pizza,120000000,1360,1,0,0007218063469,433858.44,398843.3715,140634.7035,859718.0282,337543.943,270834.8053,477918.3993,120178.825,378962.9608,85936.45801,210523.33,91659.76392,106193.4202,70421.7453,53398.02094,2515264.199,58548.85645,465807.733,53330.43536,135662.6767,86788.98633,69713.42261,246134.6568,106936.6263,92356.21692,82718.33289,85421.33258,51110.49255,69802.40631,181990.7763,73351.92957,32461.90851,257812.6924,52717.435,96332.43414,33096.52881,79047.91492,51990.87994,245150.2535,172331.6379,34545.65997,103333.7059,42703.56799,200192.3528,73294.42627,119525.6102,124107.7381,34093.64667,34152.22797,13362.67181
Frozen Pizza,120000000,1094,1,0,0007218056638,176890.3237,318502.201,119237.7638,125268.3846,190217.1301,301377.2736,79821.30096,164785.8887,49954.11108,655599.6138,70681.68091,121860.1691,72279.52954,36069.81415,87498.47058,58548.85645,2419505.938,58823.55682,102453.1708,380710.4258,221245.3207,137028.4548,38322.45618,68110.34644,46034.91101,27507.2677,40095.40717,33018.65582,88984.40503,40724.14178,33148.7063,5440.649963,31299.47522,41928.25824,42614.81482,174243.8358,75350.95538,36255.26886,18963.98291,27618.57104,36932.91394,47805.1662,81482.55927,32531.07593,44802.60052,15054.953,35407.26093,110569.3574,99132.5766,0
Frozen Pizza,120000000,1226,1,0,0007218056611,411986.8448,318777.8105,225096.5515,845405.8412,440932.2361,389427.2626,388820.4171,104470.1431,342308.9484,98356.34375,198819.7507,94533.45007,96938.7052,32590.43787,105444.7143,465807.733,58823.55682,2410308.565,92163.11829,178582.7237,83741.30359,65184.55206,319927.8021,134941.7403,72154.11591,90895.75519,68830.04041,50167.89502,81091.60614,169495.5727,51935.26434,23207.37512,222930.253,100012.1548,90791.50623,40836.69421,83111.5,69460.01044,171769.8867,148045.699,35515.43414,134297.5662,61685.3277,155081.9787,68908.83527,80070.15985,81509.65131,36184.90143,43758.52979,10522.36407
Frozen Pizza,120000000,873,1,1,0007192192580,356642.7135,208417.4375,472937.1053,161580.447,251387.9478,139037.0576,166099.7027,205323.5072,186353.1947,214709.3523,189305.0192,239862.1454,90487.08044,33453.78168,148816.0673,53330.43536,102453.1708,92163.11829,2399138.208,52453.89722,123310.2763,130085.0132,62296.80249,90769.02814,160388.212,134416.0188,60999.78186,119779.6292,461473.4026,80103.37195,83720.84595,21487.02325,58701.71863,219259.9137,138234.2006,288150.5718,68299.85461,76278.48865,86724.12878,45411.24023,128612.2789,46087.6864,75633.40607,53259.56134,83752.87708,39562.95166,62275.0799,50769.14368,54204.69281,6033.839111
Frozen Pizza,120000000,1166,1,0,0007218073367,141028.3517,94748.4184,111086.1486,240828.4645,100298.97,102915.4247,106426.7369,42700.43726,148926.9332,578884.0158,67324.70233,90699.38934,105459.1981,37478.36719,50557.73553,135662.6767,380710.4258,178582.7237,52453.89722,2283009.781,203764.2177,72773.74237,105968.8398,51815.63977,22587.47125,36131.64197,90786.58533,44496.39014,60273.20728,42765.17084,34131.35706,9780.594116,78054.74811,31620.93292,50927.79242,125424.2709,37245.81348,63082.31281,67078.50677,48727.83179,34836.09009,132563.7317,30173.67242,35147.18286,46490.82129,28096.58868,48817.44708,57456.09021,112926.5336,3234.405029
Frozen Pizza,120000000,975,1,0,0007218063244,431366.9347,168374.1746,223770.4715,147421.2886,308216.9441,128537.6586,110381.0639,70161.0072,76860.68048,505746.5039,95341.71936,216212.591,90102.16888,32466.90009,148570.7502,86788.98633,221245.3207,83741.30359,123310.2763,203764.2177,2163977.744,74645.26193,65655.14166,98296.00885,114877.6214,108355.2351,91550.55804,103447.5256,37353.55377,142330.3566,65661.27032,24425.82904,27374.15118,91833.87686,99942.10724,137023.529,31349.64954,65043.56018,46040.05566,22710.13812,88017.1062,92047.90625,53275.02686,42490.12592,67481.43298,38718.3222,26585.1994,76971.63364,236876.5644,761.0999756
Frozen Pizza,120000000,959,1,0,0004280011520,209722.9071,319481.6087,128857.6882,137546.4166,167956.2062,237301.4675,127060.3579,184160.9914,61994.62299,134919.6707,89179.91168,639617.1579,425272.2242,49495.34766,128931.3613,69713.42261,137028.4548,65184.55206,130085.0132,72773.74237,74645.26193,2156445.665,73407.3551,72110.76007,72992.31573,30031.42554,294991.8489,145248.3768,99582.29993,81989.14844,58322.17212,5065.820068,25561.77814,47779.17065,120717.938,47120.71368,57925.83551,125147.5915,30382.69891,22631.80396,68060.05664,242616.9933,135466.1357,48599.31195,52912.15118,50038.27271,26178.15509,25824.8688,37004.49097,911.9299927
Frozen Pizza,120000000,966,1,0,0007218063813,454936.098,302219.4111,200554.6143,375599.1861,476748.5418,377868.7424,669133.333,104950.1396,128639.1495,86971.15161,280206.3886,115444.1863,143038.6432,62277.33246,89616.2771,246134.6568,38322.45618,319927.8021,62296.80249,105968.8398,65655.14166,73407.3551,2028204.375,109851.7657,96004.69806,63854.31586,113400.7151,66813.57703,148477.1365,193129.33,124793.2469,21177.56177,69976.97095,95031.38104,96338.07062,30103.08606,59084.74438,73759.16992,90732.09381,49040.00275,75106.49548,99021.19971,59874.6366,332019.9728,80399.83325,98286.73468,105998.8558,20713.3476,63857.64746,6920.181885
Frozen Pizza,120000000,915,1,0,0007218063979,420407.9644,243318.6785,561738.3777,186707.5994,380430.6031,214251.9973,128983.569,247914.4329,199568.8478,157353.3687,253083.075,150716.4996,57090.52472,61883.74854,90053.4621,106936.6263,68110.34644,134941.7403,90769.02814,51815.63977,98296.00885,72110.76007,109851.7657,1947478.259,148019.9891,157465.1974,51294.65979,64829.00507,52164.89984,132829.286,20794.29993,27703.59338,290497.9875,193799.8824,132963.8411,49702.29584,352592.8641,25885.38245,44594.00092,44593.36401,63919.59692,25632.66357,37179.08984,78612.19586,54388.50098,243896.1083,63396.52612,13247.84717,45606.54181,24092.85193
Frozen Pizza,120000000,935,1,1,0007192179354,411865.7739,232020.9555,461649.4235,144549.3857,283287.9625,126012.52,150459.1724,229021.1699,118369.8112,126574.382,183038.0106,134296.9949,69753.45941,76913.15125,120391.3788,92356.21692,46034.91101,72154.11591,160388.212,22587.47125,114877.6214,72992.31573,96004.69806,148019.9891,1936566.73,138872.9243,43858.87299,77754.14563,68505.13422,294916.9901,67710.50171,23067.34912,48860.22894,250789.4775,64875.88568,69157.90497,76383.49109,19439.92505,234478.2924,62825.08398,86902.34973,23215.39484,56366.41113,80286.23224,102712.0907,31956.75519,45596.52783,40554.22723,76095.75006,12203.17102
Frozen Pizza,120000000,785,1,0,0007570615101,295302.3379,166733.4774,248965.4998,121299.8363,207672.2025,144121.2109,87610.66058,101543.4902,94316.5047,89214.38226,127638.7133,114221.4034,53719.62189,54062.61816,87445.37341,82718.33289,27507.2677,90895.75519,134416.0188,36131.64197,108355.2351,30031.42554,63854.31586,157465.1974,138872.9243,1899525.153,36120.17004,85935.64404,80899.12,96561.06714,62393.01178,77574.15448,60041.95435,118245.7569,84586.60913,50502.87836,106570.486,19757.06976,56283.33392,316345.9075,96274.7204,27444.95984,34735.8324,59378.01807,67220.31372,42578.94244,365730.1393,14944.60803,54347.59088,6515.312012
Frozen Pizza,120000000,876,1,0,0004280010800,111511.0153,120364.8559,95420.11926,141635.3392,76718.55023,89582.40479,187843.8305,73980.19324,62606.88251,80931.55774,99432.71722,470227.2715,744253.5974,43870.40881,95119.28717,85421.33258,40095.40717,68830.04041,60999.78186,90786.58533,91550.55804,294991.8489,113400.7151,51294.65979,43858.87299,36120.17004,1837148.517,119390.4478,64584.22443,40965.88123,59420.86786,39501.03455,32850.41107,29223.2619,71932.28735,46765.4538,14221.24902,186118.1326,32669.31696,21578.95581,56636.84949,463364.8036,44779.60297,101261.8833,22593.7088,38478.93188,48063.76331,32931.20569,42157.58575,0
Frozen Pizza,120000000,763,1,0,0004280043589,245979.4816,54435.85431,130632.2142,77837.94476,179137.3508,74370.44861,78366.2417,51505.81158,54118.69971,158497.2585,58870.00592,519863.2604,161251.2736,27164.62457,119108.3215,51110.49255,33018.65582,50167.89502,119779.6292,44496.39014,103447.5256,145248.3768,66813.57703,64829.00507,77754.14563,85935.64404,119390.4478,1834385.131,57336.13843,68429.07227,82295.1167,14804.44543,15274.96716,34222.26605,107652.519,43973.01282,12226.52203,304031.6148,17825.14185,24223.88818,104890.4553,101817.239,49731.5047,59427.7818,51036.89453,40652.61243,13017.31689,32817.48175,21518.61786,2830.737976
Frozen Pizza,120000000,704,1,1,0007192174374,150902.4291,136274.587,194141.1608,161943.2765,94293.43964,73155.22803,212950.9297,123379.1799,172052.0605,81905.64362,309200.4511,137062.2432,113238.362,22502.23291,121252.5502,69802.40631,88984.40503,81091.60614,461473.4026,60273.20728,37353.55377,99582.29993,148477.1365,52164.89984,68505.13422,80899.12,64584.22443,57336.13843,1753368.835,27169.36084,87631.51672,19073.89911,45388.22607,74869.7019,75889.22211,110203.2877,25226.7608,69060.51379,51881.98993,58486.89587,53415.46521,28203.66064,71889.62378,75692.30121,72658.75647,41179.8877,98599.12506,36459.09412,24291.05383,7913.063965
Frozen Pizza,120000000,820,1,0,0007218063322,677492.9703,379733.5023,203542.0493,282244.9969,430005.4792,242308.3409,290414.9653,107784.2781,81998.49359,160422.3667,114966.7233,113213.6272,57642.85596,25320.56506,133316.7105,181990.7763,40724.14178,169495.5727,80103.37195,42765.17084,142330.3566,81989.14844,193129.33,132829.286,294916.9901,96561.06714,40965.88123,68429.07227,27169.36084,1718992.337,35383.37128,10578.72705,61957.39301,78663.8446,92300.36273,38932.22931,47698.0802,10248.57391,105502.1177,46463.93103,67539.32361,27900.24664,75727.71442,168072.004,56154.00702,59274.25659,45416.56873,26809.64087,50038.23969,10658.72485
Frozen Pizza,120000000,818,1,1,0007465339393,159863.772,85515.64844,86152.00226,143860.9102,115077.8043,78734.91876,175258.5795,55834.50781,66466.30359,57197.93231,108293.2639,115269.1924,113038.6837,44609.13275,639455.5425,73351.92957,33148.7063,51935.26434,83720.84595,34131.35706,65661.27032,58322.17212,124793.2469,20794.29993,67710.50171,62393.01178,59420.86786,82295.1167,87631.51672,35383.37128,1702148.268,37604.61182,30784.44568,24770.18494,84925.22906,15250.51501,15522.97498,67006.0528,41136.84412,36137.04541,157341.6908,57838.8382,357661.3083,123106.4896,34795.7262,33315.2265,31617.52917,15312.8559,15500.2511,15877.2948
Frozen Pizza,120000000,662,1,0,0087037500507,78877.83551,74553.33209,71846.98608,64854.65558,77012.84247,48568.42664,36040.68469,28095.20001,53414.06598,36402.92816,92296.87146,45588.69482,53873.93719,372693.3871,23494.89709,32461.90851,5440.649963,23207.37512,21487.02325,9780.594116,24425.82904,5065.820068,21177.56177,27703.59338,23067.34912,77574.15448,39501.03455,14804.44543,19073.89911,10578.72705,37604.61182,1700792.401,20766.81384,38208.28308,2668.018921,13154.00415,35006.2207,21743.82031,9666.164124,17699.49603,26563.85175,17820.56494,14721.40881,26201.51776,31401.37195,15931.39197,24218.72491,57630.87769,19932.49524,134276.3878
Frozen Pizza,120000000,881,1,0,0007218063975,140697.4481,130052.7473,226003.5953,385885.3115,117480.6105,110756.1032,174597.8205,120428.8545,427620.5037,48207.39221,171683.8284,63602.16827,59827.36755,33766.08276,49596.54694,257812.6924,31299.47522,222930.253,58701.71863,78054.74811,27374.15118,25561.77814,69976.97095,290497.9875,48860.22894,60041.95435,32850.41107,15274.96716,45388.22607,61957.39301,30784.44568,20766.81384,1673210.054,44872.44409,49989.24762,19049.82721,182291.3555,16541.57208,161855.7087,179208.8665,19894.03894,31530.2005,14556.16901,65505.44537,38173.59967,225651.2394,82265.83832,10320.76904,16225.66595,20451.74921
Frozen Pizza,120000000,783,1,1,0007192120374,328636.6503,163806.15,592400.045,102725.4977,350127.3665,122516.5203,118587.3424,203931.5606,173091.3206,100557.2009,270080.7661,67213.07971,63575.72968,48588.86353,55920.98291,52717.435,41928.25824,100012.1548,219259.9137,31620.93292,91833.87686,47779.17065,95031.38104,193799.8824,250789.4775,118245.7569,29223.2619,34222.26605,74869.7019,78663.8446,24770.18494,38208.28308,44872.44409,1664350.181,82744.18842,96776.20844,83127.00531,13432.30493,113961.3242,36433.89484,59469.48486,30978.69696,23050.79578,68115.21442,51223.23816,46327.04675,41223.41595,38488.76404,70939.66476,8864.814941
Frozen Pizza,120000000,731,1,0,0007218063717,423361.2416,170138.5488,188747.392,211418.6338,278458.8863,102264.3629,141235.4088,60015.93549,71857.60187,146282.474,69457.90216,252003.0842,102060.9846,20273.50183,214803.4131,96332.43414,42614.81482,90791.50623,138234.2006,50927.79242,99942.10724,120717.938,96338.07062,132963.8411,64875.88568,84586.60913,71932.28735,107652.519,75889.22211,92300.36273,84925.22906,2668.018921,49989.24762,82744.18842,1661171.622,48022.12122,19657.42896,59140.70398,28063.91205,33444.25092,119317.7121,58956.05255,54776.47711,55866.38788,20348.50592,44413.67792,28544.96313,33508.48352,31386.80383,4689.008911
Frozen Pizza,120000000,663,1,1,0007192101669,192013.0019,79065.7854,143178.9767,51082.17084,122421.1894,81314.99432,48169.83771,97265.44684,62770.51672,297683.8229,63568.23767,115706.8454,73945.56372,17913.99677,53693.04382,33096.52881,174243.8358,40836.69421,288150.5718,125424.2709,137023.529,47120.71368,30103.08606,49702.29584,69157.90497,50502.87836,46765.4538,43973.01282,110203.2877,38932.22931,15250.51501,13154.00415,19049.82721,96776.20844,48022.12122,1659576.397,27233.25012,13238.67877,34852.21375,15249.84418,69143.50043,40655.01868,30866.00452,36428.52618,34722.0578,12872.41998,24841.12793,52018.2348,87113.3645,0
Frozen Pizza,120000000,709,1,0,0007218063983,176256.3358,378058.423,262124.9249,125320.5491,175870.6105,407397.455,89055.84253,500338.2482,142591.7153,63656.62134,147400.4277,66568.46503,43457.19104,62661.05109,25200.0769,79047.91492,75350.95538,83111.5,68299.85461,37245.81348,31349.64954,57925.83551,59084.74438,352592.8641,76383.49109,106570.486,14221.24902,12226.52203,25226.7608,47698.0802,15522.97498,35006.2207,182291.3555,83127.00531,19657.42896,27233.25012,1613684.859,15348.15302,40267.69934,65724.94061,19578.68713,10166.98889,45212.36865,39077.92267,41178.23682,158095.7175,57695.93097,29700.87616,12193.47296,25970.22888
Frozen Pizza,120000000,677,1,0,0004280048591,105780.78,46632.91418,56025.97034,75001.38409,64375.06384,39948.0769,125746.3104,21437.41406,64401.60126,51989.44415,50312.12927,154648.5894,345342.403,28911.92419,75587.95068,51990.87994,36255.26886,69460.01044,76278.48865,63082.31281,65043.56018,125147.5915,73759.16992,25885.38245,19439.92505,19757.06976,186118.1326,304031.6148,69060.51379,10248.57391,67006.0528,21743.82031,16541.57208,13432.30493,59140.70398,13238.67877,15348.15302,1609663.511,26798.48181,31158.39368,35563.62604,158681.9329,35497.28479,57412.44794,36111.96362,15836.90784,33531.57184,36981.71899,16163.203,11161.59375
Frozen Pizza,120000000,887,1,1,0007192134403,152286.0101,81291.11084,161890.6291,329015.3334,93557.17487,56729.57098,162842.0308,90462.45441,273019.4686,54353.74188,171671.8529,49574.15918,52132.23676,23201.31689,66879.06592,245150.2535,18963.98291,171769.8867,86724.12878,67078.50677,46040.05566,30382.69891,90732.09381,44594.00092,234478.2924,56283.33392,32669.31696,17825.14185,51881.98993,105502.1177,41136.84412,9666.164124,161855.7087,113961.3242,28063.91205,34852.21375,40267.69934,26798.48181,1576393.588,156374.2293,26958.26782,68855.89447,42086.37097,74542.09766,77492.44006,87307.69012,62929.61249,26488.31677,40332.15057,7806.002991
Frozen Pizza,120000000,790,1,0,0007570615103,111564.1068,72249.8468,112022.8739,179785.4419,61210.91522,75532.78735,98838.32013,42952.52368,171459.8272,35659.25671,94572.6373,45226.95111,39494.18884,32651.65808,33331.68304,172331.6379,27618.57104,148045.699,45411.24023,48727.83179,22710.13812,22631.80396,49040.00275,44593.36401,62825.08398,316345.9075,21578.95581,24223.88818,58486.89587,46463.93103,36137.04541,17699.49603,179208.8665,36433.89484,33444.25092,15249.84418,65724.94061,31158.39368,156374.2293,1575617.369,18937.94385,36844.83875,20982.93585,44823.58905,63394.55035,65055.04517,374335.5748,18852.8999,27511.75177,8289.239136
Frozen Pizza,120000000,675,1,1,0007192197185,303943.3167,118190.9565,164389.9755,126441.0988,195474.9003,87384.30219,136426.7451,45843.53284,64138.34961,111317.636,65577.00586,124277.566,79341.5072,37866.26563,321387.6486,34545.65997,36932.91394,35515.43414,128612.2789,34836.09009,88017.1062,68060.05664,75106.49548,63919.59692,86902.34973,96274.7204,56636.84949,104890.4553,53415.46521,67539.32361,157341.6908,26563.85175,19894.03894,59469.48486,119317.7121,69143.50043,19578.68713,35563.62604,26958.26782,18937.94385,1574198.787,41473.06665,133952.2765,47735.98993,16884.07709,16902.54486,32320.79034,57902.26349,31032.21338,13490.59558
Frozen Pizza,120000000,769,1,0,0004280010700,120630.4449,88330.53625,75387.55481,195897.584,50524.88928,82669.71649,109810.6619,50809.27374,109129.933,62344.04126,87430.36963,339625.9348,543636.2886,28545.26373,68314.59381,103333.7059,47805.1662,134297.5662,46087.6864,132563.7317,92047.90625,242616.9933,99021.19971,25632.66357,23215.39484,27444.95984,463364.8036,101817.239,28203.66064,27900.24664,57838.8382,17820.56494,31530.2005,30978.69696,58956.05255,40655.01868,10166.98889,158681.9329,68855.89447,36844.83875,41473.06665,1561217.76,36433.76886,40566.79364,7947.779053,28575.87793,27528.64514,25785.65692,29596.23584,1296.503052
Frozen Pizza,120000000,629,1,1,0007465330890,113024.7949,262175.292,129173.7355,116653.3338,133997.871,200842.8256,95571.51038,200378.4758,32609.31573,49993.93494,53449.32147,112109.3,80747.48865,54902.1532,588624.873,42703.56799,81482.55927,61685.3277,75633.40607,30173.67242,53275.02686,135466.1357,59874.6366,37179.08984,56366.41113,34735.8324,44779.60297,49731.5047,71889.62378,75727.71442,357661.3083,14721.40881,14556.16901,23050.79578,54776.47711,30866.00452,45212.36865,35497.28479,42086.37097,20982.93585,133952.2765,36433.76886,1555290.297,49048.08435,51472.6004,35705.28149,21619.17303,8417.487976,14819.62213,14387.3634
Frozen Pizza,120000000,732,1,0,0007218056625,435149.4405,263733.7369,194741.6723,297422.2311,305194.7419,175552.6526,505433.4124,69163.83575,129807.7295,67370.19,199116.8298,110956.8294,162953.3205,20297.94403,86447.3479,200192.3528,32531.07593,155081.9787,53259.56134,35147.18286,42490.12592,48599.31195,332019.9728,78612.19586,80286.23224,59378.01807,101261.8833,59427.7818,75692.30121,168072.004,123106.4896,26201.51776,65505.44537,68115.21442,55866.38788,36428.52618,39077.92267,57412.44794,74542.09766,44823.58905,47735.98993,40566.79364,49048.08435,1543291.875,37488.88855,46689.82727,48473.97803,29781.13379,47565.94366,2926.380981
Frozen Pizza,120000000,596,1,1,0007192162491,119158.5378,118137.3561,110857.6909,92096.70679,136488.3629,141934.7363,88994.81427,127603.0925,87828.11615,70562.06763,107027.2098,90413.81726,36741.54962,23816.60681,47624.5874,73294.42627,44802.60052,68908.83527,83752.87708,46490.82129,67481.43298,52912.15118,80399.83325,54388.50098,102712.0907,67220.31372,22593.7088,51036.89453,72658.75647,56154.00702,34795.7262,31401.37195,38173.59967,51223.23816,20348.50592,34722.0578,41178.23682,36111.96362,77492.44006,63394.55035,16884.07709,7947.779053,51472.6004,37488.88855,1485236.578,86494.8454,66605.17755,9727.289978,18299.22101,18521.6839
Frozen Pizza,120000000,674,1,0,0007218063069,139156.0944,146213.4229,190689.1693,132601.4303,139437.0566,134605.731,120222.3484,150025.7728,200116.6908,43133.43549,113967.6597,65278.20081,73730.84796,40098.05505,39076.3678,119525.6102,15054.953,80070.15985,39562.95166,28096.58868,38718.3222,50038.27271,98286.73468,243896.1083,31956.75519,42578.94244,38478.93188,40652.61243,41179.8877,59274.25659,33315.2265,15931.39197,225651.2394,46327.04675,44413.67792,12872.41998,158095.7175,15836.90784,87307.69012,65055.04517,16902.54486,28575.87793,35705.28149,46689.82727,86494.8454,1454076.498,60402.17041,11398.44574,14726.50781,23094.14111
Frozen Pizza,120000000,707,1,0,0007570615108,108501.9944,80328.44189,107648.3281,109054.4293,90787.44208,84133.06586,215368.3561,91094.57764,82829.42096,29099.25214,159257.5675,44981.82007,61074.75598,15269.94312,36350.91003,124107.7381,35407.26093,81509.65131,62275.0799,48817.44708,26585.1994,26178.15509,105998.8558,63396.52612,45596.52783,365730.1393,48063.76331,13017.31689,98599.12506,45416.56873,31617.52917,24218.72491,82265.83832,41223.41595,28544.96313,24841.12793,57695.93097,33531.57184,62929.61249,374335.5748,32320.79034,27528.64514,21619.17303,48473.97803,66605.17755,60402.17041,1453883.215,26458.34875,30174.0816,13606.67407
Frozen Pizza,120000000,590,1,0,0007218076174,147254.4002,120359.5626,46852.85889,46622.6001,88196.38928,108894.9964,49620.66431,79652.67908,10012.48108,152341.8295,21219.00812,75174.50412,57560.1087,130525.9543,34019.5639,34093.64667,110569.3574,36184.90143,50769.14368,57456.09021,76971.63364,25824.8688,20713.3476,13247.84717,40554.22723,14944.60803,32931.20569,32817.48175,36459.09412,26809.64087,15312.8559,57630.87769,10320.76904,38488.76404,33508.48352,52018.2348,29700.87616,36981.71899,26488.31677,18852.8999,57902.26349,25785.65692,8417.487976,29781.13379,9727.289978,11398.44574,26458.34875,1421041.342,23178.30981,38861.17584
Frozen Pizza,120000000,737,1,1,0001380050223,152606.186,62459.16302,152900.4294,71411.00861,155732.7608,65795.54736,75854.34015,69185.50616,41337.67999,161971.747,75770.99884,91734.0946,72906.70392,29342.39783,50947.01483,34152.22797,99132.5766,43758.52979,54204.69281,112926.5336,236876.5644,37004.49097,63857.64746,45606.54181,76095.75006,54347.59088,42157.58575,21518.61786,24291.05383,50038.23969,15500.2511,19932.49524,16225.66595,70939.66476,31386.80383,87113.3645,12193.47296,16163.203,40332.15057,27511.75177,31032.21338,29596.23584,14819.62213,47565.94366,18299.22101,14726.50781,30174.0816,23178.30981,1401750.609,6396.841919
Frozen Pizza,120000000,584,1,0,0065512220174,22309.18286,27685.75671,20641.39124,17594.34808,18500.27863,10442.4931,16690.89545,22317.36688,15801.22113,8093.429993,14199.38397,4127.241028,9062.776001,198618.5877,26460.31604,13362.67181,0,10522.36407,6033.839111,3234.405029,761.0999756,911.9299927,6920.181885,24092.85193,12203.17102,6515.312012,0,2830.737976,7913.063965,10658.72485,15877.2948,134276.3878,20451.74921,8864.814941,4689.008911,0,25970.22888,11161.59375,7806.002991,8289.239136,13490.59558,1296.503052,14387.3634,2926.380981,18521.6839,23094.14111,13606.67407,38861.17584,6396.841919,1366016.82
